title,date,url
关于2022级博士研究生新生来校报到时间及相关安排的通知,2022-08-30,http://graschool.ahu.edu.cn//2022/0830/c9577a291789/page.htm
关于2022级硕士研究生新生来校报到时间及相关安排的通知,2022-08-29,http://graschool.ahu.edu.cn//2022/0829/c9577a291739/page.htm
关于2022级全日制研究生新生网上申请宿舍的通知,2022-08-23,http://graschool.ahu.edu.cn//2022/0823/c9577a291321/page.htm
关于2022年度新时代育人质量工程项目（研究生教育）申报材料专家评审结果的公示,2022-08-12,http://graschool.ahu.edu.cn//2022/0812/c9577a290926/page.htm
研究生院2022年科研助理岗位公开招聘拟录用人员公示,2022-08-12,http://graschool.ahu.edu.cn//2022/0812/c9577a290918/page.htm
安徽大学研究生院科研助理岗位招聘公告,2022-07-12,http://graschool.ahu.edu.cn//2022/0712/c9577a289872/page.htm
关于转发 《安徽省教育厅关于做好2022年度新时代育人质量工程项目（研究生教育）申报工作的通知》的通知,2022-07-08,http://graschool.ahu.edu.cn//2022/0708/c9577a289781/page.htm
关于做好2022年冬季 研究生学位论文答辩工作的通知,2022-06-29,http://graschool.ahu.edu.cn//2022/0629/c9577a289259/page.htm
转发《中国科协科普部关于申报中国科协2022年度研究生科普能力提升项目的通知》,2022-06-09,http://graschool.ahu.edu.cn//2022/0609/c9577a287919/page.htm
第八届安徽大学“互联网+”大学生创新创业大赛决赛通知,2022-06-07,http://graschool.ahu.edu.cn//2022/0607/c9577a287792/page.htm
公示,2022-05-31,http://graschool.ahu.edu.cn//2022/0531/c9577a287415/page.htm
2022 年中国研究生未来飞行器创新大赛 - 安徽大学选拔赛通知,2022-05-26,http://graschool.ahu.edu.cn//2022/0526/c9577a287118/page.htm
关于报名选修《研究生数学建模》课程的通知,2022-05-26,http://graschool.ahu.edu.cn//2022/0526/c9577a287117/page.htm
关于举办“兆易创新杯”第十七届中国研究生电子设计竞赛-安徽大学选拔赛的通知,2022-05-26,http://graschool.ahu.edu.cn//2022/0526/c9577a287071/page.htm
关于2022级研究生秋季学期在线课程选课的通知,2022-09-26,http://graschool.ahu.edu.cn//2022/0926/c9577a293778/page.htm
关于开展2022年研究生国家奖学金、学业奖学金、 博士研究生助研奖学金评选工作的通知,2022-09-23,http://graschool.ahu.edu.cn//2022/0923/c9577a293715/page.htm
安徽大学2022年研究生国家奖学金评审结果公示,2022-10-26,http://graschool.ahu.edu.cn//2022/1026/c9577a296095/page.htm
安徽大学2022年度优秀研究生评选结果公示,2022-12-05,http://graschool.ahu.edu.cn//2022/1205/c9577a298474/page.htm
关于做好2023届毕业生学历电子图像采集工作的通知,2022-12-05,http://graschool.ahu.edu.cn//2022/1205/c9577a298464/page.htm
安徽大学教育基金会2022年度奖学金获得人选公示（研究生）,2022-12-02,http://graschool.ahu.edu.cn//2022/1202/c9577a298395/page.htm
安徽大学2022年研究生学业奖学金评审结果公示（第二批）,2022-11-23,http://graschool.ahu.edu.cn//2022/1123/c9577a297692/page.htm
安徽大学2022年研究生学业奖学金评审结果公示,2022-11-15,http://graschool.ahu.edu.cn//2022/1115/c9577a297082/page.htm
关于2022年下半年全国大学英语四、六级考试报名的通知,2022-10-28,http://graschool.ahu.edu.cn//2022/1028/c9577a296205/page.htm
